<?xml version="1.0" encoding="UTF-8"?>
<!DOCTYPE hibernate-configuration PUBLIC "-//Hibernate/Hibernate Configuration DTD 3.0//EN" "http://www.hibernate.org/dtd/hibernate-configuration-3.0.dtd">
<hibernate-configuration>
  <session-factory>
    <!-- Database connection settings -->
    <property name="connection.driver_class">com.mysql.jdbc.Driver</property>
    <property name="connection.url">jdbc:mysql://localhost:3306/pdam</property>
    <property name="connection.username">root</property>
    <property name="connection.password"/>
    <!-- SQL dialect -->
    <property name="dialect">org.hibernate.dialect.MySQL5Dialect</property>
    <!-- Echo all executed SQL to stdout -->
    <property name="show_sql">true</property>
    <mapping class="org.pdam.model.Akun"/>
    <mapping class="org.pdam.model.Jabatan"/>
    <mapping class="org.pdam.model.Pegawai"/>
    <mapping class="org.pdam.model.Pelanggan"/>
    <mapping class="org.pdam.model.Pembayaran"/>
    <mapping class="org.pdam.model.Regional"/>
  </session-factory>
</hibernate-configuration>
